"","sample","gene","chr","start","end","length","coverage","coverage.ratio","max.reads","mean.reads","low.reads.num.1000","low.reads.cover","high.reads.num.1000","high.reads.cover"
"1","APL2.bam","ARID1A","chr1",27022974,27023197,224,106,0.473214285714286,72,3.99553571428571,106,1,0,0
"2","APL2.bam","ARID1A","chr1",27023203,27023486,284,211,0.742957746478873,137,75.3908450704225,211,1,0,0
"3","APL2.bam","ARID1A","chr1",27023506,27023775,270,267,0.988888888888889,32,10.9333333333333,267,1,0,0
"4","APL2.bam","ARID1A","chr1",27023791,27023953,163,162,0.993865030674847,7,5.42944785276074,162,1,0,0
"5","APL2.bam","ARID1A","chr1",27055947,27056359,413,412,0.997578692493947,7582,3500.99515738499,97,0.235436893203884,315,0.764563106796116
"6","APL2.bam","ARID1A","chr1",27057578,27058054,477,476,0.9979035639413,7226,3429.79874213836,27,0.0567226890756303,449,0.94327731092437
"7","APL2.bam","ARID1A","chr1",27059114,27059335,222,221,0.995495495495496,1162,780.635135135135,135,0.610859728506787,86,0.389140271493213
"8","APL2.bam","ARID1A","chr1",27087239,27087604,366,365,0.997267759562842,3466,2273.13114754098,12,0.0328767123287671,353,0.967123287671233
"9","APL2.bam","ARID1A","chr1",27087807,27088032,226,225,0.995575221238938,5410,3604.93362831858,0,0,225,1
"10","APL2.bam","ARID1A","chr1",27088612,27088835,224,223,0.995535714285714,1990,1326.3125,77,0.345291479820628,146,0.654708520179372
"11","APL2.bam","ARID1A","chr1",27089427,27089710,284,283,0.996478873239437,5746,3342.76408450704,48,0.169611307420495,235,0.830388692579505
"12","APL2.bam","ARID1A","chr1",27092675,27093109,435,434,0.997701149425287,2904,1814.64137931034,54,0.124423963133641,380,0.875576036866359
"13","APL2.bam","ARID1A","chr1",27094231,27094537,307,306,0.996742671009772,3397,2072.35504885993,0,0,306,1
"14","APL2.bam","ARID1A","chr1",27097522,27097876,355,354,0.997183098591549,1835,836.608450704225,235,0.663841807909605,119,0.336158192090395
"15","APL2.bam","ARID1A","chr1",27098943,27099168,226,225,0.995575221238938,3968,2676.79203539823,0,0,225,1
"16","APL2.bam","ARID1A","chr1",27099282,27099499,218,217,0.995412844036697,3236,2201.90366972477,0,0,217,1
"17","APL2.bam","ARID1A","chr1",27099801,27100026,226,225,0.995575221238938,1657,1096.61946902655,133,0.591111111111111,92,0.408888888888889
"18","APL2.bam","ARID1A","chr1",27100041,27100262,222,221,0.995495495495496,1710,1130.09459459459,122,0.552036199095023,99,0.447963800904977
"19","APL2.bam","ARID1A","chr1",27100281,27100449,169,168,0.994082840236686,1061,594.970414201183,163,0.970238095238095,5,0.0297619047619048
"20","APL2.bam","ARID1A","chr1",27100770,27101071,302,301,0.996688741721854,3498,1942.1821192053,73,0.242524916943522,228,0.757475083056478
"21","APL2.bam","ARID1A","chr1",27101159,27101716,558,557,0.99820788530466,4850,1757.79569892473,272,0.488330341113106,285,0.511669658886894
"22","APL2.bam","ARID1A","chr1",27101997,27102218,222,221,0.995495495495496,5957,4004.65765765766,0,0,221,1
"23","APL2.bam","ARID1A","chr1",27105385,27106469,1085,1084,0.999078341013825,5057,2383.85806451613,56,0.0516605166051661,1028,0.948339483394834
"24","APL2.bam","ARID1A","chr1",27106619,27107285,667,666,0.998500749625187,5306,2858.95952023988,0,0,666,1
"25","APL2.bam","NRAS","chr1",115251041,115251261,221,220,0.995475113122172,7772,5312.66968325792,64,0.290909090909091,156,0.709090909090909
"26","APL2.bam","NRAS","chr1",115252147,115252260,114,113,0.991228070175439,4268,4088.41228070175,0,0,113,1
"27","APL2.bam","NRAS","chr1",115256357,115256578,222,221,0.995495495495496,3256,2199.74324324324,0,0,221,1
"28","APL2.bam","NRAS","chr1",115258642,115258862,221,220,0.995475113122172,3864,2597.31221719457,0,0,220,1
"29","APL2.bam","DNMT3A","chr2",25457048,25457438,391,390,0.997442455242967,5709,2528.48337595908,148,0.379487179487179,242,0.620512820512821
"30","APL2.bam","DNMT3A","chr2",25458501,25458729,229,228,0.995633187772926,4200,2871.43231441048,0,0,228,1
"31","APL2.bam","DNMT3A","chr2",25459690,25459905,216,215,0.99537037037037,1969,1387.56018518519,78,0.362790697674419,137,0.637209302325581
"32","APL2.bam","DNMT3A","chr2",25461879,25462103,225,224,0.995555555555556,773,523.102222222222,224,1,0,0
"33","APL2.bam","DNMT3A","chr2",25463103,25463329,227,226,0.995594713656388,847,568.942731277533,226,1,0,0
"34","APL2.bam","DNMT3A","chr2",25463445,25463664,220,219,0.995454545454545,764,523.318181818182,219,1,0,0
"35","APL2.bam","DNMT3A","chr2",25464436,25464600,165,156,0.945454545454545,2,1.53333333333333,156,1,0,0
"36","APL2.bam","DNMT3A","chr2",25466627,25467265,639,638,0.998435054773083,4129,2632.49608763693,0,0,638,1
"37","APL2.bam","DNMT3A","chr2",25467282,25467707,426,425,0.997652582159624,2537,1128.69014084507,175,0.411764705882353,250,0.588235294117647
"38","APL2.bam","DNMT3A","chr2",25467990,25468373,384,383,0.997395833333333,3974,1901.078125,134,0.349869451697128,249,0.650130548302872
"39","APL2.bam","DNMT3A","chr2",25468817,25469139,323,322,0.996904024767802,7581,4100.53560371517,0,0,322,1
"40","APL2.bam","DNMT3A","chr2",25469495,25469715,221,220,0.995475113122172,6075,4227.0814479638,0,0,220,1
"41","APL2.bam","DNMT3A","chr2",25469879,25470060,182,181,0.994505494505495,1867,1566.15934065934,41,0.226519337016575,140,0.773480662983425
"42","APL2.bam","DNMT3A","chr2",25470473,25470628,156,155,0.993589743589744,1938,1769.45512820513,0,0,155,1
"43","APL2.bam","DNMT3A","chr2",25470951,25471162,212,211,0.995283018867924,663,477.589622641509,211,1,0,0
"44","APL2.bam","DNMT3A","chr2",25498331,25498530,200,199,0.995,1329,991.24,87,0.437185929648241,112,0.562814070351759
"45","APL2.bam","DNMT3A","chr2",25505375,25505572,198,197,0.994949494949495,502,370.489898989899,197,1,0,0
"46","APL2.bam","DNMT3A","chr2",25523005,25523233,229,228,0.995633187772926,948,631.393013100437,228,1,0,0
"47","APL2.bam","IDH1","chr2",209103754,209103941,188,187,0.99468085106383,7473,6002.11170212766,0,0,187,1
"48","APL2.bam","IDH1","chr2",209104493,209104714,222,221,0.995495495495496,3954,2641.96396396396,0,0,221,1
"49","APL2.bam","IDH1","chr2",209108118,209108323,206,205,0.995145631067961,2642,1902.42718446602,0,0,205,1
"50","APL2.bam","IDH1","chr2",209113085,209113302,218,217,0.995412844036697,5339,3640.94036697248,0,0,217,1
"51","APL2.bam","IDH1","chr2",209116167,209116356,190,189,0.994736842105263,2403,1751.24210526316,0,0,189,1
"52","APL2.bam","KIT","chr4",55561587,55561806,220,219,0.995454545454545,3915,2669.64090909091,0,0,219,1
"53","APL2.bam","KIT","chr4",55564597,55564808,212,211,0.995283018867924,6278,4503.04716981132,0,0,211,1
"54","APL2.bam","KIT","chr4",55575560,55575773,214,213,0.995327102803738,2607,1777.57009345794,0,0,213,1
"55","APL2.bam","KIT","chr4",55589676,55589879,204,203,0.995098039215686,7157,5395.49019607843,0,0,203,1
"56","APL2.bam","KIT","chr4",55592021,55592244,224,223,0.995535714285714,7542,5079.63839285714,0,0,223,1
"57","APL2.bam","KIT","chr4",55593338,55593762,425,424,0.997647058823529,3318,2405.57411764706,0,0,424,1
"58","APL2.bam","KIT","chr4",55594136,55594358,223,222,0.995515695067265,3171,2126.12556053812,0,0,222,1
"59","APL2.bam","KIT","chr4",55595495,55595709,215,214,0.995348837209302,4096,2785.54418604651,0,0,214,1
"60","APL2.bam","KIT","chr4",55597951,55598166,216,215,0.99537037037037,2791,1905.9537037037,0,0,215,1
"61","APL2.bam","KIT","chr4",55599232,55599442,211,210,0.995260663507109,3642,2495.663507109,0,0,210,1
"62","APL2.bam","KIT","chr4",55602582,55602802,221,220,0.995475113122172,1455,968.131221719457,134,0.609090909090909,86,0.390909090909091
"63","APL2.bam","KIT","chr4",55603286,55603513,228,227,0.995614035087719,1505,1009.98245614035,138,0.607929515418502,89,0.392070484581498
"64","APL2.bam","TET2","chr4",106155113,106155221,109,108,0.990825688073395,5039,4790.79816513761,0,0,108,1
"65","APL2.bam","TET2","chr4",106155288,106156475,1188,1187,0.999158249158249,3769,1738.9638047138,298,0.251053074978938,889,0.748946925021062
"66","APL2.bam","TET2","chr4",106156511,106157353,843,840,0.99644128113879,7615,3576.11862396204,80,0.0952380952380952,760,0.904761904761905
"67","APL2.bam","TET2","chr4",106157429,106158358,930,929,0.998924731182796,5410,2367.00215053763,136,0.146393972012917,793,0.853606027987083
"68","APL2.bam","TET2","chr4",106158371,106158590,220,219,0.995454545454545,2388,834.818181818182,124,0.5662100456621,95,0.4337899543379
"69","APL2.bam","TET2","chr4",106162444,106162655,212,211,0.995283018867924,4419,3041.94339622642,0,0,211,1
"70","APL2.bam","TET2","chr4",106163914,106164128,215,214,0.995348837209302,3627,2451.93488372093,0,0,214,1
"71","APL2.bam","TET2","chr4",106164626,106165008,383,382,0.997389033942559,5006,2596.60574412533,0,0,382,1
"72","APL2.bam","TET2","chr4",106180662,106181027,366,365,0.997267759562842,4017,1992.36338797814,159,0.435616438356164,206,0.564383561643836
"73","APL2.bam","TET2","chr4",106182821,106183022,202,201,0.995049504950495,4184,3062.14851485149,0,0,201,1
"74","APL2.bam","TET2","chr4",106190718,106190932,215,214,0.995348837209302,6655,4615.88837209302,0,0,214,1
"75","APL2.bam","TET2","chr4",106193689,106194088,400,399,0.9975,7059,3753.8725,0,0,399,1
"76","APL2.bam","TET2","chr4",106196199,106196833,635,634,0.998425196850394,4000,1278.74803149606,389,0.613564668769716,245,0.386435331230284
"77","APL2.bam","TET2","chr4",106196852,106197684,833,832,0.998799519807923,7434,4318.25570228091,0,0,832,1
"78","APL2.bam","NPM1","chr5",170819592,170819807,216,215,0.99537037037037,1594,919.935185185185,119,0.553488372093023,96,0.446511627906977
"79","APL2.bam","NPM1","chr5",170819826,170820033,208,207,0.995192307692308,1745,1255.36538461538,104,0.502415458937198,103,0.497584541062802
"80","APL2.bam","NPM1","chr5",170834625,170834830,206,205,0.995145631067961,603,426.393203883495,205,1,0,0
"81","APL2.bam","HK3","chr5",176308385,176308589,205,204,0.995121951219512,2889,2173.8243902439,0,0,204,1
"82","APL2.bam","HK3","chr5",176308595,176308821,227,226,0.995594713656388,1423,136.5859030837,214,0.946902654867257,12,0.0530973451327434
"83","APL2.bam","HK3","chr5",176314188,176314366,179,178,0.994413407821229,4837,4117.25698324022,0,0,178,1
"84","APL2.bam","ARID1B","chr6",157099066,157099375,310,218,0.703225806451613,4275,2119.94838709677,6,0.0275229357798165,212,0.972477064220184
"85","APL2.bam","ARID1B","chr6",157099542,157099942,401,202,0.503740648379052,24,9.49875311720698,202,1,0,0
"86","APL2.bam","ARID1B","chr6",157100329,157100597,269,9,0.033457249070632,9,0.185873605947955,9,1,0,0
"87","APL2.bam","ARID1B","chr6",157100609,157100728,120,119,0.991666666666667,10,8.075,119,1,0,0
"88","APL2.bam","ARID1B","chr6",157150228,157150585,358,357,0.997206703910615,6815,3493.22067039106,54,0.151260504201681,303,0.848739495798319
"89","APL2.bam","ARID1B","chr6",157192675,157192894,220,219,0.995454545454545,6421,4376.99090909091,0,0,219,1
"90","APL2.bam","ARID1B","chr6",157222491,157222688,198,197,0.994949494949495,3517,2692.38383838384,0,0,197,1
"91","APL2.bam","ARID1B","chr6",157256529,157256759,231,230,0.995670995670996,7551,5081.329004329,53,0.230434782608696,177,0.769565217391304
"92","APL2.bam","ARID1B","chr6",157405618,157406080,463,462,0.997840172786177,6041,3767.9373650108,46,0.0995670995670996,416,0.9004329004329
"93","APL2.bam","ARID1B","chr6",157431541,157431759,219,218,0.995433789954338,4728,3201.01826484018,0,0,218,1
"94","APL2.bam","ARID1B","chr6",157454133,157454360,228,227,0.995614035087719,2506,1684.00877192982,0,0,227,1
"95","APL2.bam","ARID1B","chr6",157469714,157470151,438,437,0.997716894977169,445,213.107305936073,437,1,0,0
"96","APL2.bam","ARID1B","chr6",157488146,157488369,224,223,0.995535714285714,7134,4858.30803571429,0,0,223,1
"97","APL2.bam","ARID1B","chr6",157495088,157495314,227,226,0.995594713656388,3635,2431.42731277533,0,0,226,1
"98","APL2.bam","ARID1B","chr6",157501964,157502333,370,368,0.994594594594595,5833,2546.52702702703,119,0.323369565217391,249,0.676630434782609
"99","APL2.bam","ARID1B","chr6",157505240,157505656,417,416,0.997601918465228,6856,3672.27817745803,0,0,416,1
"100","APL2.bam","ARID1B","chr6",157510733,157510947,215,214,0.995348837209302,4190,2925.83255813953,0,0,214,1
"101","APL2.bam","ARID1B","chr6",157511162,157511384,223,222,0.995515695067265,7506,5087.97757847534,0,0,222,1
"102","APL2.bam","ARID1B","chr6",157517257,157517485,229,228,0.995633187772926,4858,3289.80786026201,0,0,228,1
"103","APL2.bam","ARID1B","chr6",157519876,157520092,217,216,0.995391705069124,5867,4041.69124423963,0,0,216,1
"104","APL2.bam","ARID1B","chr6",157521728,157522629,902,901,0.998891352549889,6374,3000.4866962306,165,0.183129855715871,736,0.816870144284129
"105","APL2.bam","ARID1B","chr6",157524956,157525165,210,209,0.995238095238095,3802,2727.78571428571,0,0,209,1
"106","APL2.bam","ARID1B","chr6",157527256,157529039,1784,1783,0.999439461883408,7752,2964.79988789238,459,0.257431295569265,1324,0.742568704430735
"107","APL2.bam","EZH2","chr7",148504664,148504876,213,212,0.995305164319249,2237,1504.20187793427,11,0.0518867924528302,201,0.94811320754717
"108","APL2.bam","EZH2","chr7",148506097,148506296,200,199,0.995,4296,3150.11,0,0,199,1
"109","APL2.bam","EZH2","chr7",148506333,148506545,213,212,0.995305164319249,7582,5164.77464788732,0,0,212,1
"110","APL2.bam","EZH2","chr7",148507353,148507577,225,224,0.995555555555556,1460,985.071111111111,136,0.607142857142857,88,0.392857142857143
"111","APL2.bam","EZH2","chr7",148508619,148508844,226,225,0.995575221238938,5189,3504.79646017699,0,0,225,1
"112","APL2.bam","EZH2","chr7",148511084,148511303,220,219,0.995454545454545,1601,1118.57727272727,121,0.552511415525114,98,0.447488584474886
"113","APL2.bam","EZH2","chr7",148511914,148512129,216,215,0.99537037037037,6309,4332.72222222222,0,0,215,1
"114","APL2.bam","EZH2","chr7",148512526,148512711,186,185,0.994623655913978,1776,1405.18279569892,64,0.345945945945946,121,0.654054054054054
"115","APL2.bam","EZH2","chr7",148513711,148513899,189,188,0.994708994708995,4718,3735.33862433862,0,0,188,1
"116","APL2.bam","EZH2","chr7",148515053,148515231,179,178,0.994413407821229,7614,6343.1843575419,0,0,178,1
"117","APL2.bam","EZH2","chr7",148516611,148516834,224,223,0.995535714285714,7624,5182.36607142857,0,0,223,1
"118","APL2.bam","EZH2","chr7",148523500,148523837,338,337,0.997041420118343,833,417.328402366864,337,1,0,0
"119","APL2.bam","EZH2","chr7",148524108,148524323,216,215,0.99537037037037,3963,2767.22685185185,0,0,215,1
"120","APL2.bam","EZH2","chr7",148525781,148525986,206,205,0.995145631067961,5308,3838.24757281553,0,0,205,1
"121","APL2.bam","EZH2","chr7",148526814,148527014,201,200,0.995024875621891,1079,785.427860696517,118,0.59,82,0.41
"122","APL2.bam","EZH2","chr7",148529662,148529880,219,218,0.995433789954338,1172,787.899543378995,127,0.582568807339449,91,0.41743119266055
"123","APL2.bam","EZH2","chr7",148543483,148543706,224,223,0.995535714285714,2518,1677.27232142857,11,0.0493273542600897,212,0.95067264573991
"124","APL2.bam","EZH2","chr7",148544298,148544459,162,161,0.993827160493827,4146,3786.45679012346,0,0,161,1
"125","APL2.bam","KMT2C","chr7",151833812,151834036,225,224,0.995555555555556,3659,2468.57333333333,0,0,224,1
"126","APL2.bam","KMT2C","chr7",151836734,151836924,191,190,0.994764397905759,4812,3752.18848167539,0,0,190,1
"127","APL2.bam","KMT2C","chr7",151845456,151845685,230,229,0.995652173913044,5991,3978.46956521739,0,0,229,1
"128","APL2.bam","KMT2C","chr7",151859215,151859413,199,198,0.994974874371859,4129,3082.98492462312,0,0,198,1
"129","APL2.bam","KMT2C","chr7",151859822,151859984,163,162,0.993865030674847,4713,4338.65030674847,0,0,162,1
"130","APL2.bam","KMT2C","chr7",151860358,151860569,212,211,0.995283018867924,6989,4873.61320754717,0,0,211,1
"131","APL2.bam","KMT2C","chr7",151874054,151874390,337,336,0.997032640949555,1920,1194.56379821958,121,0.360119047619048,215,0.639880952380952
"132","APL2.bam","KMT2C","chr7",151874988,151875201,214,213,0.995327102803738,3830,2381.21962616822,8,0.0375586854460094,205,0.962441314553991
"133","APL2.bam","KMT2C","chr7",151878000,151878226,227,226,0.995594713656388,2764,1853.4449339207,0,0,226,1
"134","APL2.bam","KMT2C","chr7",151878508,151878736,229,228,0.995633187772926,4660,3110.56768558952,0,0,228,1
"135","APL2.bam","KMT2C","chr7",151878789,151879016,228,227,0.995614035087719,80,49.9385964912281,227,1,0,0
"136","APL2.bam","KMT2C","chr7",151882551,151882764,214,213,0.995327102803738,7582,5147.84112149533,0,0,213,1
"137","APL2.bam","KMT2C","chr7",151904372,151904579,208,207,0.995192307692308,3329,2344.44230769231,0,0,207,1
"138","APL2.bam","KMT2C","chr7",151926878,151927092,215,214,0.995348837209302,1426,970.051162790698,124,0.579439252336449,90,0.420560747663551
"139","APL2.bam","KMT2C","chr7",151932867,151933070,204,203,0.995098039215686,352,244.299019607843,203,1,0,0
"140","APL2.bam","KMT2C","chr7",151935744,151935961,218,217,0.995412844036697,692,454.01376146789,217,1,0,0
"141","APL2.bam","KMT2C","chr7",151944957,151945170,214,213,0.995327102803738,2914,1995.59345794393,0,0,213,1
"142","APL2.bam","KMT2C","chr7",151970779,151970986,208,207,0.995192307692308,2079,1428.76923076923,58,0.280193236714976,149,0.719806763285024
"143","APL2.bam","KMT2C","chr7",152027561,152027783,223,222,0.995515695067265,4882,3327.69506726457,0,0,222,1
"144","APL2.bam","SMC3","chr10",112340555,112340771,217,216,0.995391705069124,823,547.981566820276,216,1,0,0
"145","APL2.bam","SMC3","chr10",112341695,112341913,219,218,0.995433789954338,2172,1484.61187214612,2,0.00917431192660551,216,0.990825688073395
"146","APL2.bam","SMC3","chr10",112342180,112342377,198,197,0.994949494949495,7663,5605.77272727273,0,0,197,1
"147","APL2.bam","SMC3","chr10",112343882,112344101,220,219,0.995454545454545,2526,1694.15909090909,0,0,219,1
"148","APL2.bam","SMC3","chr10",112356173,112356245,73,72,0.986301369863014,2215,2094.05479452055,0,0,72,1
"149","APL2.bam","SMC3","chr10",112357782,112358003,222,221,0.995495495495496,1504,1006.8018018018,133,0.601809954751131,88,0.398190045248869
"150","APL2.bam","SMC3","chr10",112360744,112360961,218,217,0.995412844036697,7598,5078.5504587156,0,0,217,1
"151","APL2.bam","SMC3","chr10",112361438,112361653,216,215,0.99537037037037,2898,1975.00925925926,0,0,215,1
"152","APL2.bam","SMC3","chr10",112361764,112361982,219,218,0.995433789954338,7572,5149.91324200913,0,0,218,1
"153","APL2.bam","SMC3","chr10",112362918,112363124,207,206,0.995169082125604,5551,3881.43961352657,0,0,206,1
"154","APL2.bam","WT1","chr11",32410546,32410751,206,205,0.995145631067961,7579,5704.19902912621,0,0,205,1
"155","APL2.bam","WT1","chr11",32413419,32413642,224,223,0.995535714285714,1322,868.183035714286,135,0.605381165919282,88,0.394618834080717
"156","APL2.bam","WT1","chr11",32414124,32414346,223,222,0.995515695067265,5096,3456.34529147982,0,0,222,1
"157","APL2.bam","WT1","chr11",32417760,32417985,226,225,0.995575221238938,4048,2721.85840707965,0,0,225,1
"158","APL2.bam","WT1","chr11",32421428,32421655,228,227,0.995614035087719,5601,3764.85526315789,0,0,227,1
"159","APL2.bam","WT1","chr11",32449390,32449619,230,229,0.995652173913044,567,383.313043478261,229,1,0,0
"160","APL2.bam","WT1","chr11",32449943,32450146,204,203,0.995098039215686,157,110.759803921569,203,1,0,0
"161","APL2.bam","WT1","chr11",32456162,32456463,302,301,0.996688741721854,244,130.430463576159,301,1,0,0
"162","APL2.bam","ETV6","chr12",11905245,11905471,227,226,0.995594713656388,663,431.383259911894,226,1,0,0
"163","APL2.bam","ETV6","chr12",11992060,11992280,221,220,0.995475113122172,3283,2229.80542986425,0,0,220,1
"164","APL2.bam","ETV6","chr12",12022347,12022571,225,224,0.995555555555556,2711,1843.71111111111,0,0,224,1
"165","APL2.bam","ETV6","chr12",12022809,12023030,222,221,0.995495495495496,1687,1144.36036036036,128,0.579185520361991,93,0.420814479638009
"166","APL2.bam","ETV6","chr12",12037343,12037566,224,223,0.995535714285714,1346,912.924107142857,132,0.591928251121076,91,0.408071748878924
"167","APL2.bam","ETV6","chr12",12038809,12039031,223,222,0.995515695067265,1275,863.72197309417,130,0.585585585585586,92,0.414414414414414
"168","APL2.bam","KRAS","chr12",25362706,25362868,163,162,0.993865030674847,1395,1234.45398773006,21,0.12962962962963,141,0.87037037037037
"169","APL2.bam","KRAS","chr12",25378561,25378663,103,102,0.990291262135922,2575,2448.04854368932,0,0,102,1
"170","APL2.bam","KRAS","chr12",25380057,25380337,281,280,0.99644128113879,2133,1209.99644128114,94,0.335714285714286,186,0.664285714285714
"171","APL2.bam","KRAS","chr12",25398183,25398385,203,202,0.995073891625616,1516,1116.6354679803,93,0.46039603960396,109,0.53960396039604
"172","APL2.bam","LRP1","chr12",57538606,57539028,423,422,0.997635933806147,6025,4308.17730496454,0,0,422,1
"173","APL2.bam","LRP1","chr12",57547865,57548089,225,224,0.995555555555556,2576,1722.45333333333,0,0,224,1
"174","APL2.bam","LRP1","chr12",57569592,57569752,161,160,0.993788819875776,3466,3168.09316770186,0,0,160,1
"175","APL2.bam","LRP1","chr12",57573238,57573465,228,227,0.995614035087719,3576,2394.06578947368,0,0,227,1
"176","APL2.bam","LRP1","chr12",57577051,57577223,173,172,0.994219653179191,1061,933.57225433526,68,0.395348837209302,104,0.604651162790698
"177","APL2.bam","LRP1","chr12",57577482,57577670,189,188,0.994708994708995,5063,4117.41798941799,0,0,188,1
"178","APL2.bam","LRP1","chr12",57581105,57581188,84,83,0.988095238095238,1356,1265.96428571429,0,0,83,1
"179","APL2.bam","LRP1","chr12",57588393,57588605,213,212,0.995305164319249,482,336.835680751174,212,1,0,0
"180","APL2.bam","LRP1","chr12",57593038,57593259,222,221,0.995495495495496,4885,3359.74774774775,0,0,221,1
"181","APL2.bam","LRP1","chr12",57598389,57598616,228,227,0.995614035087719,2128,1433.06140350877,7,0.0308370044052863,220,0.969162995594714
"182","APL2.bam","PTPN11","chr12",112884006,112884222,217,213,0.981566820276498,452,213.110599078341,213,1,0,0
"183","APL2.bam","PTPN11","chr12",112888117,112888297,181,180,0.994475138121547,1996,1648.72928176796,33,0.183333333333333,147,0.816666666666667
"184","APL2.bam","PTPN11","chr12",112890975,112891193,219,218,0.995433789954338,1834,1238.25570776256,129,0.591743119266055,89,0.408256880733945
"185","APL2.bam","PTPN11","chr12",112893753,112893957,205,204,0.995121951219512,1957,1427.81951219512,71,0.348039215686274,133,0.651960784313726
"186","APL2.bam","PTPN11","chr12",112910664,112910882,219,218,0.995433789954338,1903,1282.84931506849,106,0.486238532110092,112,0.513761467889908
"187","APL2.bam","PTPN11","chr12",112915337,112915553,217,216,0.995391705069124,1106,730.663594470046,154,0.712962962962963,62,0.287037037037037
"188","APL2.bam","PTPN11","chr12",112926167,112926369,203,202,0.995073891625616,4790,3536.74384236453,0,0,202,1
"189","APL2.bam","PTPN11","chr12",112926780,112926999,220,219,0.995454545454545,1214,812.631818181818,135,0.616438356164384,84,0.383561643835616
"190","APL2.bam","PTPN11","chr12",112939927,112940127,201,200,0.995024875621891,4681,3460.85074626866,0,0,200,1
"191","APL2.bam","FLT3","chr13",28589735,28589944,210,209,0.995238095238095,5371,3863.64761904762,0,0,209,1
"192","APL2.bam","FLT3","chr13",28592542,28592764,223,222,0.995515695067265,1130,772.605381165919,133,0.599099099099099,89,0.400900900900901
"193","APL2.bam","FLT3","chr13",28598976,28599188,213,212,0.995305164319249,2119,1435.23943661972,24,0.113207547169811,188,0.886792452830189
"194","APL2.bam","FLT3","chr13",28601235,28601457,223,222,0.995515695067265,3648,2467.15246636771,0,0,222,1
"195","APL2.bam","FLT3","chr13",28602195,28602418,224,223,0.995535714285714,2742,1734.77232142857,21,0.0941704035874439,202,0.905829596412556
"196","APL2.bam","FLT3","chr13",28607916,28608136,221,220,0.995475113122172,3605,2398.09954751131,0,0,220,1
"197","APL2.bam","FLT3","chr13",28608158,28608383,226,225,0.995575221238938,2537,1102.42477876106,132,0.586666666666667,93,0.413333333333333
"198","APL2.bam","FLT3","chr13",28610030,28610230,201,200,0.995024875621891,2831,2082.93034825871,0,0,200,1
"199","APL2.bam","FLT3","chr13",28623409,28623622,214,213,0.995327102803738,702,473.780373831776,213,1,0,0
"200","APL2.bam","PML","chr15",74290215,74290845,631,630,0.998415213946117,2127,965.063391442155,384,0.60952380952381,246,0.39047619047619
"201","APL2.bam","PML","chr15",74315024,74315796,773,772,0.998706338939198,210,93.8641655886158,772,1,0,0
"202","APL2.bam","IDH2","chr15",90628376,90628557,182,181,0.994505494505495,2432,1996.24175824176,0,0,181,1
"203","APL2.bam","IDH2","chr15",90631735,90631948,214,213,0.995327102803738,2156,1511.7476635514,8,0.0375586854460094,205,0.962441314553991
"204","APL2.bam","FANCA","chr16",89857783,89857991,209,208,0.995215311004785,4209,3037.03827751196,0,0,208,1
"205","APL2.bam","TP53","chr17",7573886,7574110,225,224,0.995555555555556,2573,1736.80888888889,0,0,224,1
"206","APL2.bam","TP53","chr17",7576783,7577196,414,413,0.997584541062802,4646,2517.30193236715,82,0.198547215496368,331,0.801452784503632
"207","APL2.bam","TP53","chr17",7577398,7577615,218,217,0.995412844036697,6264,4464.98165137615,0,0,217,1
"208","APL2.bam","TP53","chr17",7578062,7578567,506,505,0.99802371541502,3783,2370.70158102767,0,0,505,1
"209","APL2.bam","TP53","chr17",7579288,7579488,201,200,0.995024875621891,1304,986.751243781095,84,0.42,116,0.58
"210","APL2.bam","TP53","chr17",7579509,7579684,176,175,0.994318181818182,2951,2207.59659090909,40,0.228571428571429,135,0.771428571428571
"211","APL2.bam","TP53","chr17",7579738,7579966,229,228,0.995633187772926,4082,2766.35807860262,0,0,228,1
"212","APL2.bam","RARA","chr17",38507980,38508398,419,418,0.997613365155131,1081,760.689737470167,324,0.77511961722488,94,0.22488038277512
"213","APL2.bam","RARA","chr17",38508420,38508805,386,385,0.99740932642487,1760,1119.39896373057,219,0.568831168831169,166,0.431168831168831
"214","APL2.bam","RARA","chr17",38510532,38510814,283,189,0.667844522968198,1536,866.060070671378,38,0.201058201058201,151,0.798941798941799
"215","APL2.bam","ABCA7","chr19",1046164,1046381,218,217,0.995412844036697,1169,806.98623853211,120,0.552995391705069,97,0.447004608294931
"216","APL2.bam","ABCA7","chr19",1057815,1058041,227,226,0.995594713656388,2673,1785.859030837,0,0,226,1
"217","APL2.bam","CEBPA","chr19",33792138,33792688,551,550,0.998185117967332,7750,3992.15245009074,131,0.238181818181818,419,0.761818181818182
"218","APL2.bam","CEBPA","chr19",33792701,33792994,294,293,0.996598639455782,7474,3947.98639455782,100,0.341296928327645,193,0.658703071672355
"219","APL2.bam","CEBPA","chr19",33793010,33793455,446,445,0.997757847533632,7494,4431.89461883408,0,0,445,1
"220","APL2.bam","ASXL1","chr20",30956734,30956941,208,207,0.995192307692308,2619,1861.62980769231,0,0,207,1
"221","APL2.bam","ASXL1","chr20",31015896,31016114,219,218,0.995433789954338,2858,1922.2602739726,0,0,218,1
"222","APL2.bam","ASXL1","chr20",31017074,31017293,220,219,0.995454545454545,4705,3213.17272727273,0,0,219,1
"223","APL2.bam","ASXL1","chr20",31021096,31021319,224,223,0.995535714285714,4640,3165.52678571429,0,0,223,1
"224","APL2.bam","ASXL1","chr20",31021458,31021649,192,191,0.994791666666667,7194,5702.81770833333,0,0,191,1
"225","APL2.bam","ASXL1","chr20",31022179,31022679,501,500,0.998003992015968,2116,987.163672654691,254,0.508,246,0.492
"226","APL2.bam","ASXL1","chr20",31022739,31022956,218,217,0.995412844036697,1541,1109.15596330275,106,0.488479262672811,111,0.511520737327189
"227","APL2.bam","ASXL1","chr20",31022960,31023167,208,207,0.995192307692308,1529,1156.18269230769,76,0.367149758454106,131,0.632850241545894
"228","APL2.bam","ASXL1","chr20",31023446,31023675,230,229,0.995652173913044,2514,1265.03043478261,141,0.615720524017467,88,0.384279475982533
"229","APL2.bam","ASXL1","chr20",31023696,31023923,228,227,0.995614035087719,3454,2331.40789473684,0,0,227,1
"230","APL2.bam","ASXL1","chr20",31024068,31024294,227,226,0.995594713656388,4679,2441.01321585903,0,0,226,1
"231","APL2.bam","ASXL1","chr20",31024300,31024523,224,223,0.995535714285714,5839,4065.20089285714,0,0,223,1
"232","APL2.bam","ASXL1","chr20",31024609,31025120,512,511,0.998046875,5934,2834.2109375,110,0.215264187866928,401,0.784735812133072
"233","APL2.bam","RUNX1","chr21",36164449,36164919,471,427,0.906581740976645,345,125.569002123142,427,1,0,0
"234","APL2.bam","RUNX1","chr21",36171483,36171841,359,358,0.997214484679666,4322,2076.61002785515,112,0.312849162011173,246,0.687150837988827
"235","APL2.bam","RUNX1","chr21",36206706,36206950,245,244,0.995918367346939,3367,2208.75510204082,61,0.25,183,0.75
"236","APL2.bam","RUNX1","chr21",36231717,36231940,224,223,0.995535714285714,3116,2085.74553571429,0,0,223,1
"237","APL2.bam","RUNX1","chr21",36252821,36253043,223,222,0.995515695067265,5897,4043.07174887892,0,0,222,1
"238","APL2.bam","RUNX1","chr21",36258959,36259323,365,364,0.997260273972603,728,433.024657534247,364,1,0,0
"239","APL2.bam","U2AF1","chr21",44513108,44513307,200,199,0.995,1814,1305.06,87,0.437185929648241,112,0.562814070351759
"240","APL2.bam","U2AF1","chr21",44514701,44514922,222,221,0.995495495495496,6454,4459.84684684685,0,0,221,1
"241","APL2.bam","U2AF1","chr21",44524336,44524558,223,222,0.995515695067265,751,498.90134529148,222,1,0,0
"242","APL2.bam","USP9X","chrX",41007638,41007840,203,202,0.995073891625616,2637,1937.94088669951,0,0,202,1
"243","APL2.bam","USP9X","chrX",41026708,41026927,220,219,0.995454545454545,4797,3227.87727272727,0,0,219,1
"244","APL2.bam","USP9X","chrX",41043703,41043900,198,197,0.994949494949495,7575,5851.65151515152,0,0,197,1
"245","APL2.bam","USP9X","chrX",41057773,41057881,109,108,0.990825688073395,2116,2006.71559633028,0,0,108,1
"246","APL2.bam","USP9X","chrX",41064660,41064844,185,184,0.994594594594595,5820,4521.37837837838,0,0,184,1
"247","APL2.bam","USP9X","chrX",41075172,41075329,158,157,0.993670886075949,1327,1246.36075949367,2,0.0127388535031847,155,0.987261146496815
"248","APL2.bam","USP9X","chrX",41075493,41075642,150,149,0.993333333333333,3270,3121,0,0,149,1
"249","APL2.bam","USP9X","chrX",41076486,41076674,189,188,0.994708994708995,2134,1621.44444444444,10,0.0531914893617021,178,0.946808510638298
"250","APL2.bam","SMC1A","chrX",53407446,53407673,228,227,0.995614035087719,3628,2445.01754385965,0,0,227,1
"251","APL2.bam","SMC1A","chrX",53409129,53409316,188,187,0.99468085106383,4106,3276.28191489362,0,0,187,1
"252","APL2.bam","SMC1A","chrX",53423143,53423350,208,207,0.995192307692308,6840,5063.99038461538,0,0,207,1
"253","APL2.bam","SMC1A","chrX",53423426,53423648,223,222,0.995515695067265,7517,5185.61883408072,0,0,222,1
"254","APL2.bam","SMC1A","chrX",53426522,53426731,210,209,0.995238095238095,6191,4388.53333333333,0,0,209,1
"255","APL2.bam","SMC1A","chrX",53430418,53430639,222,221,0.995495495495496,3534,2438.28378378378,0,0,221,1
"256","APL2.bam","SMC1A","chrX",53432484,53432706,223,222,0.995515695067265,6976,4731.25560538117,0,0,222,1
"257","APL2.bam","SMC1A","chrX",53435951,53436172,222,221,0.995495495495496,6111,4175.57207207207,0,0,221,1
"258","APL2.bam","SMC1A","chrX",53439796,53440002,207,206,0.995169082125604,2045,1484.23671497585,47,0.228155339805825,159,0.771844660194175
"259","APL2.bam","SMC1A","chrX",53441876,53442071,196,195,0.994897959183674,3671,2804.20918367347,0,0,195,1
"260","APL2.bam","STAG2","chrX",123164873,123165090,218,217,0.995412844036697,1482,1008.5504587156,126,0.580645161290323,91,0.419354838709677
"261","APL2.bam","STAG2","chrX",123171389,123171486,98,97,0.989795918367347,7086,6739.24489795918,0,0,97,1
"262","APL2.bam","STAG2","chrX",123178976,123179318,343,342,0.997084548104956,4026,2088.38775510204,76,0.222222222222222,266,0.777777777777778
"263","APL2.bam","STAG2","chrX",123181088,123181317,230,229,0.995652173913044,2926,1943.7652173913,0,0,229,1
"264","APL2.bam","STAG2","chrX",123182818,123183035,218,217,0.995412844036697,7629,5071.19724770642,0,0,217,1
"265","APL2.bam","STAG2","chrX",123183969,123184130,162,161,0.993827160493827,2098,1896.06790123457,8,0.0496894409937888,153,0.950310559006211
"266","APL2.bam","STAG2","chrX",123184994,123185352,359,358,0.997214484679666,2329,1422.643454039,116,0.324022346368715,242,0.675977653631285
"267","APL2.bam","STAG2","chrX",123191729,123191913,185,184,0.994594594594595,3284,2620.30810810811,0,0,184,1
"268","APL2.bam","STAG2","chrX",123194958,123195177,220,219,0.995454545454545,3712,2501.76363636364,0,0,219,1
"269","APL2.bam","STAG2","chrX",123196817,123197158,342,341,0.997076023391813,2575,1241.27485380117,100,0.293255131964809,241,0.706744868035191
"270","APL2.bam","STAG2","chrX",123197587,123197798,212,211,0.995283018867924,55,36.9952830188679,211,1,0,0
"271","APL2.bam","STAG2","chrX",123199931,123200323,393,392,0.997455470737914,7519,4285.01526717557,45,0.114795918367347,347,0.885204081632653
"272","APL2.bam","STAG2","chrX",123202433,123202591,159,158,0.993710691823899,2674,2481.57232704403,0,0,158,1
"273","APL2.bam","STAG2","chrX",123204957,123205144,188,187,0.99468085106383,1531,1106.34574468085,68,0.363636363636364,119,0.636363636363636
"274","APL2.bam","STAG2","chrX",123215112,123215526,415,414,0.997590361445783,3735,1909.92289156626,84,0.202898550724638,330,0.797101449275362
"275","APL2.bam","STAG2","chrX",123217280,123217482,203,202,0.995073891625616,5061,3775.53201970443,0,0,202,1
"276","APL2.bam","STAG2","chrX",123220339,123220560,222,221,0.995495495495496,3618,2423.14414414414,0,0,221,1
"277","APL2.bam","STAG2","chrX",123224508,123224723,216,215,0.99537037037037,7644,5309.375,0,0,215,1
"278","APL2.bam","STAG2","chrX",123227895,123228096,202,201,0.995049504950495,7560,5594.38613861386,0,0,201,1
"279","APL2.bam","PHF6","chrX",133511700,133511903,204,203,0.995098039215686,1349,959.975490196078,98,0.482758620689655,105,0.517241379310345
"280","APL2.bam","PHF6","chrX",133527540,133527733,194,193,0.994845360824742,3162,2366.42268041237,0,0,193,1
"281","APL2.bam","PHF6","chrX",133527855,133528004,150,149,0.993333333333333,3132,2931.38,0,0,149,1
"282","APL2.bam","PHF6","chrX",133547439,133547654,216,215,0.99537037037037,1683,1144.16666666667,126,0.586046511627907,89,0.413953488372093
"283","APL2.bam","PHF6","chrX",133547806,133548001,196,195,0.994897959183674,1926,1426.41326530612,77,0.394871794871795,118,0.605128205128205
"284","APL2.bam","PHF6","chrX",133548860,133549207,348,347,0.997126436781609,4913,3318.56609195402,0,0,347,1
"285","APL2.bam","PHF6","chrX",133551169,133551357,189,188,0.994708994708995,7800,5967.10052910053,38,0.202127659574468,150,0.797872340425532
"286","APL2.bam","PHF6","chrX",133559159,133559374,216,215,0.99537037037037,899,615.032407407407,215,1,0,0
